,adult,belongs_to_collection,budget,genres,homepage,id,imdb_id,original_language,original_title,overview,popularity,poster_path,production_companies,production_countries,release_date,revenue,runtime,spoken_languages,status,tagline,title,video,vote_average,vote_count
0,False,"{'id': 10194, 'name': 'Toy Story Collection', 'poster_path': '/7G9915LfUQ2lVfwMEEhDsn3kT4B.jpg', 'backdrop_path': '/9FBwqcd9IRruEDUrTdcaafOMKUq.jpg'}",30000000,"[{'id': 16, 'name': 'Animation'}, {'id': 35, 'name': 'Comedy'}, {'id': 10751, 'name': 'Family'}]",http://toystory.disney.com/toy-story,862,tt0114709,en,Toy Story,"Led by Woody, Andy's toys live happily in his room until Andy's birthday brings Buzz Lightyear onto the scene. Afraid of losing his place in Andy's heart, Woody plots against Buzz. But when circumstances separate Buzz and Woody from their owner, the duo eventually learns to put aside their differences.",21.946943,/rhIRbceoE9lR4veEXuwCC2wARtG.jpg,"[{'name': 'Pixar Animation Studios', 'id': 3}]","[{'iso_3166_1': 'US', 'name': 'United States of America'}]",1995-10-30,373554033.0,81.0,"[{'iso_639_1': 'en', 'name': 'English'}]",Released,,Toy Story,False,7.7,5415.0
1,False,,65000000,"[{'id': 12, 'name': 'Adventure'}, {'id': 14, 'name': 'Fantasy'}, {'id': 10751, 'name': 'Family'}]",,8844,tt0113497,en,Jumanji,"When siblings Judy and Peter discover an enchanted board game that opens the door to a magical world, they unwittingly invite Alan -- an adult who's been trapped inside the game for 26 years -- into their living room. Alan's only hope for freedom is to finish the game, which proves risky as all three find themselves running from giant rhinoceroses, evil monkeys and other terrifying creatures.",17.015539,/vzmL6fP7aPKNKPRTFnZmiUfciyV.jpg,"[{'name': 'TriStar Pictures', 'id': 559}, {'name': 'Teitler Film', 'id': 2550}, {'name': 'Interscope Communications', 'id': 10201}]","[{'iso_3166_1': 'US', 'name': 'United States of America'}]",1995-12-15,262797249.0,104.0,"[{'iso_639_1': 'en', 'name': 'English'}, {'iso_639_1': 'fr', 'name': 'Français'}]",Released,Roll the dice and unleash the excitement!,Jumanji,False,6.9,2413.0
3,False,,16000000,"[{'id': 35, 'name': 'Comedy'}, {'id': 18, 'name': 'Drama'}, {'id': 10749, 'name': 'Romance'}]",,31357,tt0114885,en,Waiting to Exhale,"Cheated on, mistreated and stepped on, the women are holding their breath, waiting for the elusive ""good man"" to break a string of less-than-stellar lovers. Friends and confidants Vannah, Bernie, Glo and Robin talk it all out, determined to find a better way to breathe.",3.859495,/16XOMpEaLWkrcPqSQqhTmeJuqQl.jpg,"[{'name': 'Twentieth Century Fox Film Corporation', 'id': 306}]","[{'iso_3166_1': 'US', 'name': 'United States of America'}]",1995-12-22,81452156.0,127.0,"[{'iso_639_1': 'en', 'name': 'English'}]",Released,Friends are the people who let you be yourself... and never let you forget it.,Waiting to Exhale,False,6.1,34.0
5,False,,60000000,"[{'id': 28, 'name': 'Action'}, {'id': 80, 'name': 'Crime'}, {'id': 18, 'name': 'Drama'}, {'id': 53, 'name': 'Thriller'}]",,949,tt0113277,en,Heat,"Obsessive master thief, Neil McCauley leads a top-notch crew on various insane heists throughout Los Angeles while a mentally unstable detective, Vincent Hanna pursues him without rest. Each man recognizes and respects the ability and the dedication of the other even though they are aware their cat-and-mouse game may end in violence.",17.924927,/zMyfPUelumio3tiDKPffaUpsQTD.jpg,"[{'name': 'Regency Enterprises', 'id': 508}, {'name': 'Forward Pass', 'id': 675}, {'name': 'Warner Bros.', 'id': 6194}]","[{'iso_3166_1': 'US', 'name': 'United States of America'}]",1995-12-15,187436818.0,170.0,"[{'iso_639_1': 'en', 'name': 'English'}, {'iso_639_1': 'es', 'name': 'Español'}]",Released,A Los Angeles Crime Saga,Heat,False,7.7,1886.0
6,False,,58000000,"[{'id': 35, 'name': 'Comedy'}, {'id': 10749, 'name': 'Romance'}]",,11860,tt0114319,en,Sabrina,"An ugly duckling having undergone a remarkable change, still harbors feelings for her crush: a carefree playboy, but not before his business-focused brother has something to say about it.",6.677277,/jQh15y5YB7bWz1NtffNZmRw0s9D.jpg,"[{'name': 'Paramount Pictures', 'id': 4}, {'name': 'Scott Rudin Productions', 'id': 258}, {'name': 'Mirage Enterprises', 'id': 932}, {'name': 'Sandollar Productions', 'id': 5842}, {'name': 'Constellation Entertainment', 'id': 14941}, {'name': 'Worldwide', 'id': 55873}, {'name': 'Mont Blanc Entertainment GmbH', 'id': 58079}]","[{'iso_3166_1': 'DE', 'name': 'Germany'}, {'iso_3166_1': 'US', 'name': 'United States of America'}]",1995-12-15,0.0,127.0,"[{'iso_639_1': 'fr', 'name': 'Français'}, {'iso_639_1': 'en', 'name': 'English'}]",Released,You are cordially invited to the most surprising merger of the year.,Sabrina,False,6.2,141.0
8,False,,35000000,"[{'id': 28, 'name': 'Action'}, {'id': 12, 'name': 'Adventure'}, {'id': 53, 'name': 'Thriller'}]",,9091,tt0114576,en,Sudden Death,"International action superstar Jean Claude Van Damme teams with Powers Boothe in a Tension-packed, suspense thriller, set against the back-drop of a Stanley Cup game.Van Damme portrays a father whose daughter is suddenly taken during a championship hockey game. With the captors demanding a billion dollars by game's end, Van Damme frantically sets a plan in motion to rescue his daughter and abort an impending explosion before the final buzzer...",5.23158,/eoWvKD60lT95Ss1MYNgVExpo5iU.jpg,"[{'name': 'Universal Pictures', 'id': 33}, {'name': 'Imperial Entertainment', 'id': 21437}, {'name': 'Signature Entertainment', 'id': 23770}]","[{'iso_3166_1': 'US', 'name': 'United States of America'}]",1995-12-22,64350171.0,106.0,"[{'iso_639_1': 'en', 'name': 'English'}]",Released,Terror goes into overtime.,Sudden Death,False,5.5,174.0
9,False,"{'id': 645, 'name': 'James Bond Collection', 'poster_path': '/HORpg5CSkmeQlAolx3bKMrKgfi.jpg', 'backdrop_path': '/6VcVl48kNKvdXOZfJPdarlUGOsk.jpg'}",58000000,"[{'id': 12, 'name': 'Adventure'}, {'id': 28, 'name': 'Action'}, {'id': 53, 'name': 'Thriller'}]",http://www.mgm.com/view/movie/757/Goldeneye/,710,tt0113189,en,GoldenEye,James Bond must unmask the mysterious head of the Janus Syndicate and prevent the leader from utilizing the GoldenEye weapons system to inflict devastating revenge on Britain.,14.686035999999998,/5c0ovjT41KnYIHYuF4AWsTe3sKh.jpg,"[{'name': 'United Artists', 'id': 60}, {'name': 'Eon Productions', 'id': 7576}]","[{'iso_3166_1': 'GB', 'name': 'United Kingdom'}, {'iso_3166_1': 'US', 'name': 'United States of America'}]",1995-11-16,352194034.0,130.0,"[{'iso_639_1': 'en', 'name': 'English'}, {'iso_639_1': 'ru', 'name': 'Pусский'}, {'iso_639_1': 'es', 'name': 'Español'}]",Released,No limits. No fears. No substitutes.,GoldenEye,False,6.6,1194.0
10,False,,62000000,"[{'id': 35, 'name': 'Comedy'}, {'id': 18, 'name': 'Drama'}, {'id': 10749, 'name': 'Romance'}]",,9087,tt0112346,en,The American President,"Widowed U.S. president Andrew Shepherd, one of the world's most powerful men, can have anything he wants -- and what he covets most is Sydney Ellen Wade, a Washington lobbyist. But Shepherd's attempts at courting her spark wild rumors and decimate his approval ratings.",6.318445,/lymPNGLZgPHuqM29rKMGV46ANij.jpg,"[{'name': 'Columbia Pictures', 'id': 5}, {'name': 'Castle Rock Entertainment', 'id': 97}]","[{'iso_3166_1': 'US', 'name': 'United States of America'}]",1995-11-17,107879496.0,106.0,"[{'iso_639_1': 'en', 'name': 'English'}]",Released,Why can't the most powerful man in the world have the one thing he wants most?,The American President,False,6.5,199.0
13,False,,44000000,"[{'id': 36, 'name': 'History'}, {'id': 18, 'name': 'Drama'}]",,10858,tt0113987,en,Nixon,"An all-star cast powers this epic look at American President Richard M. Nixon, a man carrying the fate of the world on his shoulders while battling the self-destructive demands within. Spanning his troubled boyhood in California to the shocking Watergate scandal that would end his presidency.",5.092,/cICkmCEiXRhvZmbuAlsA5D9B2rK.jpg,"[{'name': 'Hollywood Pictures', 'id': 915}, {'name': 'Cinergi Pictures Entertainment', 'id': 1504}]","[{'iso_3166_1': 'US', 'name': 'United States of America'}]",1995-12-22,13681765.0,192.0,"[{'iso_639_1': 'en', 'name': 'English'}]",Released,"Triumphant in Victory, Bitter in Defeat. He Changed the World, But Lost a Nation.",Nixon,False,7.1,72.0
258,False,,17000000,"[{'id': 18, 'name': 'Drama'}, {'id': 10751, 'name': 'Family'}, {'id': 14, 'name': 'Fantasy'}]",,19101,tt0113670,en,A Little Princess,"When her father enlists to fight for the British in WWI, young Sara Crewe goes to New York to attend the same boarding school her late mother attended. She soon clashes with the severe headmistress, Miss Minchin, who attempts to stifle Sara's creativity and sense of self- worth.",7.731725,/a7LslH4Ofdvi1oam9Bbhb2UyMR2.jpg,"[{'name': 'Warner Bros.', 'id': 6194}]","[{'iso_3166_1': 'US', 'name': 'United States of America'}]",1995-05-10,0.0,97.0,"[{'iso_639_1': 'en', 'name': 'English'}, {'iso_639_1': 'fr', 'name': 'Français'}]",Released,Every girl everywhere is a princess.,A Little Princess,False,7.4,207.0
93,False,,50000000,"[{'id': 28, 'name': 'Action'}, {'id': 12, 'name': 'Adventure'}, {'id': 18, 'name': 'Drama'}, {'id': 53, 'name': 'Thriller'}]",,9208,tt0115759,en,Broken Arrow,"When rogue stealth-fighter pilot Vic Deakins deliberately drops off the radar while on maneuvers, the Air Force ends up with two stolen nuclear warheads -- and Deakins's co-pilot, Riley Hale, is the military's only hope for getting them back. Traversing the deserted canyons of Utah, Hale teams with park ranger Terry Carmichael to put Deakins back in his box.",14.957626000000001,/avqUG5RYB93rwSUNL5r16Vtbc9g.jpg,"[{'name': 'Twentieth Century Fox Film Corporation', 'id': 306}, {'name': 'WCG Entertainment Productions', 'id': 456}, {'name': 'Mark Gordon Productions', 'id': 11362}]","[{'iso_3166_1': 'US', 'name': 'United States of America'}]",1996-02-09,150270147.0,108.0,"[{'iso_639_1': 'en', 'name': 'English'}]",Released,Prepare to Go Ballistic.,Broken Arrow,False,5.7,459.0
45376,False,,2,[],,227143,tt2401213,uk,Іван Сила,"""Strong Ivan"" is a film telling an outstanding life story of Ivan Firtsak who was born in June, 1899 in a Ukrainian village Bilky, Irshava district in Zakarpattia Oblast. At the age of 18 he became a performer with a Czechoslovak circus and travelled to 64 countries of the world, astonishing everybody with his victories. He was a weightlifting champion of Czechoslovakia, a bodybuilding champion of Europe. He earned the nickname Strong Ivan Croton for his incredible strength. Ivan Firtsak won a great number of single combats with famous wrestlers of the world. From hands of the Queen of England he received a helmet and a belt decorated with cold and diamonds. American press called him the strongest man of the XX century. In 1937 in the prime of his fame he came back to the homeland.",0.067263,/A1HSEPyFjgtjy9WyXIak3v7pdEx.jpg,[],[],2013-10-02,0.0,80.0,"[{'iso_639_1': 'uk', 'name': 'Український'}]",Released,,Іван Сила,False,7.0,1.0
45387,False,,10000,"[{'id': 27, 'name': 'Horror'}]",,99104,tt0126820,en,Bloodletting,"A young woman, fascinated with mass murderers, tracks down the world's most famous uncaught serial killer and becomes his apprentice; together they go on a killing spree.",0.072171,/kObIQERttnMmGNhYKj0sPRVTdXc.jpg,"[{'name': 'Tempe Video', 'id': 4687}]","[{'iso_3166_1': 'US', 'name': 'United States of America'}]",1997-01-01,0.0,89.0,"[{'iso_639_1': 'en', 'name': 'English'}]",Released,The only thing that stands between Butch and Serena...will die.,Bloodletting,False,5.0,1.0
45392,False,,1200000,"[{'id': 18, 'name': 'Drama'}, {'id': 27, 'name': 'Horror'}]",http://ddpromo.ru/,97797,tt0477340,ru,Мертвые дочери,"In present-day Moscow ghosts of three little girls killed by their insane mother randomly pick a person to watch over for a three days. If during this ""probation period"" person's moral standards appear not to be high enough The Daughters then kill him using telekinesis.",0.355732,/n2vhOrSsrqZL5trWUTdku0cPPk0.jpg,"[{'name': 'Praktika Pictures', 'id': 9124}, {'name': 'Central Partnership', 'id': 9342}]","[{'iso_3166_1': 'RU', 'name': 'Russia'}]",2007-02-01,0.0,123.0,"[{'iso_639_1': 'ru', 'name': 'Pусский'}]",Released,Be Good Or Die,Dead Daughters,False,4.9,5.0
45395,False,,1254040,"[{'id': 10749, 'name': 'Romance'}, {'id': 35, 'name': 'Comedy'}]",http://lmtr.fi/,468707,tt5742932,fi,Lauri Mäntyvaaran tuuheet ripset,,0.347806,/rKOpJuwb7pTqYVShHM2tl25VxyF.jpg,"[{'name': 'Elokuvayhtiö Oy Aamu', 'id': 84883}]","[{'iso_3166_1': 'FI', 'name': 'Finland'}]",2017-07-28,0.0,90.0,"[{'iso_639_1': 'fi', 'name': 'suomi'}]",Released,,Thick Lashes of Lauri Mäntyvaara,False,8.0,1.0
45396,False,,750000,"[{'id': 80, 'name': 'Crime'}, {'id': 35, 'name': 'Comedy'}]",,280422,tt3805180,ru,Все и сразу,,0.20158199999999998,/hNsmPpl3zLG36jr4EIEd5P8I4pa.jpg,"[{'name': 'Кинокомпания «Lunapark»', 'id': 42096}, {'name': 'Инвада фильм', 'id': 42097}]","[{'iso_3166_1': 'RU', 'name': 'Russia'}]",2014-06-05,3.0,0.0,"[{'iso_639_1': 'ru', 'name': 'Pусский'}]",Released,,All at Once,False,6.0,4.0
45399,False,,2000000,"[{'id': 35, 'name': 'Comedy'}]",,293654,tt3761706,ru,Корпоратив,"Igor, a furniture store manager, tries to figure out what happened during the corporate event which resulted his store to be completely destroyed.",0.52437,/oaCkhsq33ONrjq0PYwPmgtEhzg.jpg,"[{'name': 'Enjoy Movies', 'id': 9340}]","[{'iso_3166_1': 'RU', 'name': 'Russia'}]",2014-09-18,0.0,89.0,"[{'iso_639_1': 'ru', 'name': 'Pусский'}]",Released,,Corporate Event,False,3.5,4.0
45405,False,,2000000,"[{'id': 35, 'name': 'Comedy'}]",,100152,tt0417949,ru,Марс,"Somewhere deep, deep in Russia there is a town called Marks (named after Karl Marks, founder of Communism theory) where all people are working on toy factory and receiving their wages as toys. News from other cities are arriving on very rare occasion. One morning, Boris, a former boxing who is running from something, wakes up in train and see four letters MAR_S. From his first steps he starts to meet new people as Gregori, young man with a dream who is in love with local librarian, Greta, whose dream is to get out from this god-forgotten town. With each new step, he is meeting new people, but the past is hard to escape",0.38093299999999997,/cTa91m5Gikb8qqJ0blzcJxhZem0.jpg,[],[],2004-11-11,0.0,100.0,[],Released,,Mars,False,5.0,2.0
45406,False,,800000,"[{'id': 35, 'name': 'Comedy'}, {'id': 18, 'name': 'Drama'}]",,62757,tt0933361,en,Dikari,"The sea, August, interesting and simple people. They tan, swim, play volleyball, basketball, drink, dance and then find someone to spend the night with. Many grew out of their student phase and can afford a more comfortable holiday but when July comes they grab a tent, jump into their cars and come here. Here, nobody talks about work and the size of your wallet means nothing.",0.9030610000000001,/t14Sb80sXJCAa3ERs0UoheXhSD9.jpg,[],[],2006-11-23,1328612.0,100.0,"[{'iso_639_1': 'ru', 'name': 'Pусский'}]",Released,,Savages,False,5.8,6.0
45409,False,,2000000,"[{'id': 10749, 'name': 'Romance'}, {'id': 18, 'name': 'Drama'}]",,63281,tt1718881,en,Про любоff,"У девушки Даши, приехавшей с подругой «покорять» Москву, редкая специальность — преподаватель техники речи, а жизнь — самая обыкновенная: съемная квартира, невысокие гонорары и занятия с утра до вечера. Однажды Даша получает выгодное предложение — дать уроки преуспевающему бизнесмену Владу, участвующему в политических выборах. У героев начинается бурный роман. Но случайная встреча с женой Влада заставляет Дашу взглянуть на происходящее совсем с другой стороны. И Влад оказывается совсем не героем романа и вовсе не мужчиной мечты…",0.12184400000000001,/f8umkhHSctmiU4hw7U1IK1JxFT7.jpg,"[{'name': 'Profit', 'id': 21163}]","[{'iso_3166_1': 'RU', 'name': 'Russia'}]",2010-09-30,1268793.0,107.0,"[{'iso_639_1': 'ru', 'name': 'Pусский'}]",Released,,Pro Lyuboff,False,4.0,3.0
45419,False,,5000000,"[{'id': 28, 'name': 'Action'}, {'id': 35, 'name': 'Comedy'}, {'id': 80, 'name': 'Crime'}, {'id': 10769, 'name': 'Foreign'}]",,63898,tt1110037,ru,Антидурь,"Failing to complete an important assignment without casualties, fearless crime fighters from an elite special service agency, masters of disguise and simply fun guys ""Velik"" and ""Koshka"" were demoted to serve in a department of a Drug Enforcement Agency...",0.039793,/f5XOYgsF4oCTz0A4gY8qD9g3l5y.jpg,[],"[{'iso_3166_1': 'RU', 'name': 'Russia'}]",2007-09-06,1413000.0,91.0,"[{'iso_639_1': 'ru', 'name': 'Pусский'}]",Released,,Antidur,False,1.0,1.0
